Model,BLEU Score,ROUGE-L,Perplexity,Inference Time (ms),Model Size (GB),TOPSIS Score,Rank
Mistral-7B,0.461,0.548,12.9,240,14.5,0.8179844068425692,1
LLaMA-2-7B,0.445,0.531,13.8,280,13.5,0.7665213832479173,2
Falcon-7B,0.389,0.462,15.6,260,7.0,0.7352298574219065,3
GPT-2,0.312,0.401,18.4,120,0.5,0.7000349968953843,4
GPT-3.5-turbo,0.478,0.563,12.1,350,175.0,0.29996500310461566,5
